<ivysettings>
  <settings defaultResolver="codehaus-plus"/>
  <include url="${ivy.default.settings.dir}/ivysettings-public.xml" />
  <include url="${ivy.default.settings.dir}/ivysettings-shared.xml"/>
  <include url="${ivy.default.settings.dir}/ivysettings-local.xml" />
  <include url="${ivy.default.settings.dir}/ivysettings-main-chain.xml"/>
  <resolvers>
    <chain name="codehaus-plus" dual="true">
      <ibiblio name="codehaus-snapshots" root="http://snapshots.repository.codehaus.org" m2compatible="true" changingPattern=".*SNAPSHOT"/>
      <ibiblio name="codehaus" root="http://repository.codehaus.org" m2compatible="true"/>
      <ibiblio name="javanet" root="http://download.java.net/maven/2/" m2compatible="true"/>
      <ibiblio name="spring-milestone" root="http://s3.amazonaws.com/maven.springframework.org/milestone" m2compatible="true"/>

      <resolver ref="public"/>
    </chain>
  </resolvers>
</ivysettings>
